﻿<?xml version="1.0" encoding="utf-8"?><Search><pages Count="80"><page Index="1"><![CDATA[]]></page><page Index="2"><![CDATA[]]></page><page Index="3"><![CDATA[]]></page><page Index="4"><![CDATA[01.     The Alphabet, Words and Alphabetical Order                                       5

                   02.     Vowels and Consonants                                                          12

                   03.     Naming Words                                                                   14

                   04.     Common Names and Special Names                                                 22

                   05.     One and More Than One                                                          26


                   06.     He or She                                                                      31

                   07.     Describing Words                                                               34

                   08.     A, An or The                                                                   40

                   09.     This, That, These, Those                                                       43

                   10.     I, You, He, She, It                                                            45

                   11.     You, We, They                                                                  47


                   12.     Doing Words                                                                    49

                   13.     Is, Are, Am                                                                    53

                   14.     What is Happening Now?  (Is, Are, Am + –ing)                                   56

                   15.     Has and Have                                                                   60

                   16.     In, On, Under, Behind, Near                                                    63

                   17.     Capital Letter, Comma and Full Stop                                            65


                   18.     Sentences and Questions                                                        67

                   19.     Comprehension                                                                  69

                   20.     Composition                                                                    74

                           Test Papers 1-3                                                                78]]></page><page Index="5"><![CDATA[]]></page><page Index="6"><![CDATA[]]></page><page Index="7"><![CDATA[]]></page><page Index="8"><![CDATA[]]></page><page Index="9"><![CDATA[]]></page><page Index="10"><![CDATA[]]></page><page Index="11"><![CDATA[]]></page><page Index="12"><![CDATA[]]></page><page Index="13"><![CDATA[]]></page><page Index="14"><![CDATA[]]></page><page Index="15"><![CDATA[]]></page><page Index="16"><![CDATA[]]></page><page Index="17"><![CDATA[]]></page><page Index="18"><![CDATA[]]></page><page Index="19"><![CDATA[]]></page><page Index="20"><![CDATA[]]></page><page Index="21"><![CDATA[]]></page><page Index="22"><![CDATA[]]></page><page Index="23"><![CDATA[]]></page><page Index="24"><![CDATA[]]></page><page Index="25"><![CDATA[]]></page><page Index="26"><![CDATA[]]></page><page Index="27"><![CDATA[]]></page><page Index="28"><![CDATA[]]></page><page Index="29"><![CDATA[]]></page><page Index="30"><![CDATA[]]></page><page Index="31"><![CDATA[]]></page><page Index="32"><![CDATA[]]></page><page Index="33"><![CDATA[]]></page><page Index="34"><![CDATA[]]></page><page Index="35"><![CDATA[]]></page><page Index="36"><![CDATA[]]></page><page Index="37"><![CDATA[]]></page><page Index="38"><![CDATA[]]></page><page Index="39"><![CDATA[]]></page><page Index="40"><![CDATA[]]></page><page Index="41"><![CDATA[]]></page><page Index="42"><![CDATA[]]></page><page Index="43"><![CDATA[]]></page><page Index="44"><![CDATA[]]></page><page Index="45"><![CDATA[]]></page><page Index="46"><![CDATA[]]></page><page Index="47"><![CDATA[]]></page><page Index="48"><![CDATA[]]></page><page Index="49"><![CDATA[]]></page><page Index="50"><![CDATA[]]></page><page Index="51"><![CDATA[]]></page><page Index="52"><![CDATA[]]></page><page Index="53"><![CDATA[]]></page><page Index="54"><![CDATA[]]></page><page Index="55"><![CDATA[]]></page><page Index="56"><![CDATA[]]></page><page Index="57"><![CDATA[]]></page><page Index="58"><![CDATA[]]></page><page Index="59"><![CDATA[]]></page><page Index="60"><![CDATA[]]></page><page Index="61"><![CDATA[]]></page><page Index="62"><![CDATA[]]></page><page Index="63"><![CDATA[]]></page><page Index="64"><![CDATA[]]></page><page Index="65"><![CDATA[]]></page><page Index="66"><![CDATA[]]></page><page Index="67"><![CDATA[]]></page><page Index="68"><![CDATA[]]></page><page Index="69"><![CDATA[]]></page><page Index="70"><![CDATA[]]></page><page Index="71"><![CDATA[]]></page><page Index="72"><![CDATA[]]></page><page Index="73"><![CDATA[]]></page><page Index="74"><![CDATA[]]></page><page Index="75"><![CDATA[]]></page><page Index="76"><![CDATA[]]></page><page Index="77"><![CDATA[]]></page><page Index="78"><![CDATA[]]></page><page Index="79"><![CDATA[]]></page><page Index="80"><![CDATA[]]></page></pages></Search>