﻿<?xml version="1.0" encoding="utf-8"?><Search><pages Count="88"><page Index="1"><![CDATA[]]></page><page Index="2"><![CDATA[]]></page><page Index="3"><![CDATA[]]></page><page Index="4"><![CDATA[]]></page><page Index="5"><![CDATA[]]></page><page Index="6"><![CDATA[]]></page><page Index="7"><![CDATA[]]></page><page Index="8"><![CDATA[]]></page><page Index="9"><![CDATA[]]></page><page Index="10"><![CDATA[]]></page><page Index="11"><![CDATA[]]></page><page Index="12"><![CDATA[]]></page><page Index="13"><![CDATA[]]></page><page Index="14"><![CDATA[]]></page><page Index="15"><![CDATA[]]></page><page Index="16"><![CDATA[]]></page><page Index="17"><![CDATA[]]></page><page Index="18"><![CDATA[]]></page><page Index="19"><![CDATA[]]></page><page Index="20"><![CDATA[]]></page><page Index="21"><![CDATA[]]></page><page Index="22"><![CDATA[]]></page><page Index="23"><![CDATA[]]></page><page Index="24"><![CDATA[]]></page><page Index="25"><![CDATA[]]></page><page Index="26"><![CDATA[]]></page><page Index="27"><![CDATA[]]></page><page Index="28"><![CDATA[]]></page><page Index="29"><![CDATA[]]></page><page Index="30"><![CDATA[]]></page><page Index="31"><![CDATA[]]></page><page Index="32"><![CDATA[]]></page><page Index="33"><![CDATA[]]></page><page Index="34"><![CDATA[]]></page><page Index="35"><![CDATA[]]></page><page Index="36"><![CDATA[]]></page><page Index="37"><![CDATA[]]></page><page Index="38"><![CDATA[]]></page><page Index="39"><![CDATA[]]></page><page Index="40"><![CDATA[]]></page><page Index="41"><![CDATA[]]></page><page Index="42"><![CDATA[]]></page><page Index="43"><![CDATA[]]></page><page Index="44"><![CDATA[]]></page><page Index="45"><![CDATA[]]></page><page Index="46"><![CDATA[]]></page><page Index="47"><![CDATA[]]></page><page Index="48"><![CDATA[]]></page><page Index="49"><![CDATA[]]></page><page Index="50"><![CDATA[]]></page><page Index="51"><![CDATA[]]></page><page Index="52"><![CDATA[]]></page><page Index="53"><![CDATA[]]></page><page Index="54"><![CDATA[]]></page><page Index="55"><![CDATA[]]></page><page Index="56"><![CDATA[]]></page><page Index="57"><![CDATA[]]></page><page Index="58"><![CDATA[]]></page><page Index="59"><![CDATA[]]></page><page Index="60"><![CDATA[]]></page><page Index="61"><![CDATA[]]></page><page Index="62"><![CDATA[]]></page><page Index="63"><![CDATA[]]></page><page Index="64"><![CDATA[]]></page><page Index="65"><![CDATA[]]></page><page Index="66"><![CDATA[]]></page><page Index="67"><![CDATA[]]></page><page Index="68"><![CDATA[]]></page><page Index="69"><![CDATA[]]></page><page Index="70"><![CDATA[]]></page><page Index="71"><![CDATA[]]></page><page Index="72"><![CDATA[]]></page><page Index="73"><![CDATA[]]></page><page Index="74"><![CDATA[]]></page><page Index="75"><![CDATA[]]></page><page Index="76"><![CDATA[]]></page><page Index="77"><![CDATA[]]></page><page Index="78"><![CDATA[]]></page><page Index="79"><![CDATA[]]></page><page Index="80"><![CDATA[]]></page><page Index="81"><![CDATA[]]></page><page Index="82"><![CDATA[]]></page><page Index="83"><![CDATA[]]></page><page Index="84"><![CDATA[]]></page><page Index="85"><![CDATA[]]></page><page Index="86"><![CDATA[]]></page><page Index="87"><![CDATA[]]></page><page Index="88"><![CDATA[]]></page></pages></Search>